{"cameraMode":{"drawMode":0,"name":"Shaded","section":"Shading Mode"},"sceneLighting":false,"audioPlay":false,"sceneViewState":{"showFog":false,"showMaterialUpdate":false,"showSkybox":false,"showFlares":false,"showImageEffects":false,"showParticleSystems":false},"in2DMode":false,"pivot":{"x":1.5397629737854005,"y":0.3400000035762787,"z":0.99991375207901},"rotation":{"x":-0.035722702741622928,"y":0.9462068676948547,"z":-0.30143657326698305,"w":-0.112110935151577},"size":0.3464130759239197,"orthographic":false}