{"cameraMode":{"drawMode":0,"name":"Shaded","section":"Shading Mode"},"sceneLighting":false,"audioPlay":false,"sceneViewState":{"showFog":false,"showMaterialUpdate":false,"showSkybox":false,"showFlares":false,"showImageEffects":false,"showParticleSystems":false},"in2DMode":false,"pivot":{"x":-0.0014171600341796876,"y":1.1651288270950318,"z":-0.01336050033569336},"rotation":{"x":-0.010320310480892659,"y":-0.966633141040802,"z":0.25291576981544497,"w":-0.039454977959394458},"size":25.439359664916993,"orthographic":false}