{"cameraMode":{"drawMode":0,"name":"Shaded","section":"Shading Mode"},"sceneLighting":true,"audioPlay":false,"sceneViewState":{"showFog":false,"showMaterialUpdate":false,"showSkybox":false,"showFlares":false,"showImageEffects":false,"showParticleSystems":false},"in2DMode":false,"pivot":{"x":-0.4385852813720703,"y":0.3301694691181183,"z":-0.5669823288917542},"rotation":{"x":-0.017821647226810457,"y":0.7379233837127686,"z":-0.019485747441649438,"w":-0.674380898475647},"size":1.007939338684082,"orthographic":false}